static,in,1000000,1/1,0.041664,0.054656,0.098720,0.189216,0.370720,0.733536,1.462272,2.865568,4.130336,8.212640
static,rw30,1000000,1/1,0.036902,0.066509,0.125334,0.243360,0.479316,0.951436,1.890863,3.690674,7.351047,14.696657
static,in,1000000,1/1,0.036000,0.039072,0.071680,0.137088,0.266240,0.526080,1.043360,2.069600,4.128672,8.247104
static,rw30,1000000,1/1,0.034627,0.063728,0.120782,0.235957,0.465137,0.924371,1.841938,3.678945,7.350418,14.696066
static,in,1000000,1/1,0.034688,0.039296,0.071744,0.137248,0.267680,0.526176,1.046176,2.075456,4.140320,8.264160
static,rw30,1000000,1/1,0.034684,0.063562,0.120759,0.236082,0.465016,0.924137,1.842180,3.678587,7.350604,14.696370
static,in,1000000,1/1,0.035200,0.039648,0.071648,0.137216,0.266240,0.525472,1.043648,2.070176,4.128064,8.247232
static,rw30,1000000,1/1,0.034589,0.063831,0.120894,0.235631,0.464995,0.923905,1.842181,3.678426,7.352064,14.695413
static,in,1000000,1/1,0.034272,0.039104,0.071744,0.137184,0.267104,0.526624,1.045632,2.076576,4.138912,8.265408
static,rw30,1000000,1/1,0.034595,0.063456,0.120770,0.235618,0.465347,0.923933,1.842090,3.678142,7.350506,14.694886
static,in,1000000,1/1,0.046336,0.039200,0.071808,0.136352,0.266112,0.525088,1.043328,2.070496,4.128000,8.241152
static,rw30,1000000,1/1,0.034963,0.063393,0.120813,0.235853,0.465111,0.923966,1.842315,3.678259,7.358285,14.694445
static,in,1000000,1/1,0.034464,0.039424,0.071968,0.137504,0.266432,0.527072,1.045376,2.072384,4.136608,8.263040
static,rw30,1000000,1/1,0.034618,0.063403,0.121141,0.236019,0.464982,0.924042,1.841963,3.679401,7.350965,14.980296
static,in,1000000,1/1,0.039872,0.049376,0.082400,0.147744,0.278528,0.537440,1.056448,2.091008,4.165216,8.306880
static,rw30,1000000,1/1,0.045582,0.075067,0.133310,0.249330,0.482866,0.947244,1.875900,3.733474,7.448641,14.877895
static,in,1000000,1/1,0.042432,0.049824,0.082752,2.414528,2.541568,2.799040,3.307296,2.293408,11.167456,8.327552
static,rw30,1000000,1/1,0.046243,0.074769,0.140469,2.170419,2.399921,2.858561,3.758388,7.860466,11.228486,15.267007
static,in,1000000,1/1,0.034496,0.039168,0.071680,0.136800,0.266432,0.525824,1.042752,2.066656,4.132000,8.244192
static,rw30,1000000,1/1,0.034627,0.063818,0.121212,0.235596,0.465112,0.924064,1.841965,3.680570,7.352590,14.695910
static,in,1000000,1/1,0.034688,0.039168,0.071776,0.136032,0.266304,0.527040,1.044992,2.072608,4.137056,8.263680
static,rw30,1000000,1/1,0.037993,0.063694,0.120737,0.236242,0.464922,0.924287,1.842190,3.679166,7.352639,14.704790
static,in,1000000,1/1,0.033312,0.038912,0.070784,0.136960,0.266240,0.525376,1.044128,2.072640,4.143584,8.253728
static,rw30,1000000,1/1,0.034463,0.066013,0.121107,0.235454,0.465100,0.924109,1.847354,3.685264,7.361365,14.711687
static,in,1000000,1/1,0.036864,0.039392,0.072160,0.137344,0.269568,0.530080,1.048672,2.077696,4.141792,8.271296
static,rw30,1000000,1/1,0.034675,0.063526,0.121076,0.236046,0.466368,0.927380,1.846494,3.685006,7.359000,14.703114
static,in,1000000,1/1,0.035136,0.039552,0.071744,0.136288,0.266528,0.526048,1.043744,2.068480,4.130432,8.246784
static,rw30,1000000,1/1,0.034727,0.064524,0.120873,0.235629,0.465377,0.924752,1.843329,3.680536,7.354179,14.699038
static,in,1000000,1/1,0.035040,0.040288,0.071680,0.137024,0.266336,0.526720,1.045536,2.084928,4.137408,8.268736
static,rw30,1000000,1/1,0.034717,0.063465,0.120700,0.235986,0.465025,0.924525,1.842819,3.680047,7.353106,14.698242
static,in,1000000,1/1,0.034880,0.039744,0.071680,0.137152,0.266080,0.525184,1.044064,2.068512,4.126496,8.242848
static,rw30,1000000,1/1,0.034701,0.063404,0.121154,0.235579,0.465681,0.924368,1.842622,3.679446,7.353927,14.697571
static,in,1000000,1/1,0.033728,0.039168,0.071744,0.137120,0.266336,0.526336,1.046112,2.072960,4.138368,8.264160
static,rw30,1000000,1/1,0.034335,0.063649,0.121018,0.235568,0.465355,0.924162,1.842347,3.679682,7.351386,14.696044
static,in,1000000,1/1,0.033824,0.039040,0.072000,0.137216,0.266400,0.524512,1.042944,2.068288,4.127072,8.242016
static,rw30,1000000,1/1,0.034650,0.063407,0.120857,0.235621,0.465054,0.923965,1.842671,3.680214,7.359280,14.697245
static,in,1000000,1/1,0.034816,0.040128,0.072064,0.137472,0.267744,0.526432,1.045760,2.074080,4.136960,8.264896
static,rw30,1000000,1/1,0.034537,0.063438,0.120830,0.235713,0.465159,0.924021,1.842134,3.679975,7.351198,14.697010
static,in,1000000,1/1,0.035712,0.040384,0.072096,0.137280,0.267264,0.525728,1.044064,2.068096,4.127328,8.243200
static,rw30,1000000,1/1,0.034717,0.063838,0.121072,0.235748,0.465401,0.924751,1.843071,3.679232,7.351050,14.696867
static,in,1000000,1/1,0.034848,0.039328,0.072096,0.137216,0.266976,0.526464,1.045504,2.072576,4.136128,8.263680
static,rw30,1000000,1/1,0.034550,0.063876,0.120605,0.235641,0.465259,0.924461,1.842231,3.678396,7.351074,14.694828
static,in,1000000,1/1,0.035008,0.039552,0.071648,0.136160,0.266368,0.525344,1.042528,2.068256,4.151744,8.244288
static,rw30,1000000,1/1,0.034991,0.063476,0.121154,0.235424,0.465101,0.923863,1.842076,3.678155,7.350876,14.695616
static,in,1000000,1/1,0.034816,0.040192,0.072608,0.137280,0.266688,0.527360,1.045664,2.072768,4.135584,8.263680
static,rw30,1000000,1/1,0.034769,0.063280,0.120587,0.235618,0.464836,0.924097,1.842088,3.678561,7.349926,14.695971
static,in,1000000,1/1,0.034560,0.040160,0.071744,0.136416,0.266016,0.524960,1.044544,2.079904,4.125760,8.241760
static,rw30,1000000,1/1,0.034577,0.063376,0.120869,0.235472,0.464930,0.923931,1.842286,3.678510,7.350613,14.696182
static,in,1000000,1/1,0.034560,0.039712,0.072704,0.137216,0.267264,0.526336,1.045888,2.072576,4.137056,8.263232
static,rw30,1000000,1/1,0.034499,0.063349,0.121088,0.235680,0.465014,0.924032,1.842140,3.678577,7.350682,14.697186
static,in,1000000,1/1,0.034816,0.039296,0.071648,0.136960,0.266240,0.525472,1.043456,2.067072,4.151392,8.241248
static,rw30,1000000,1/1,0.034560,0.063984,0.121163,0.235482,0.465359,0.923879,1.842062,3.678677,7.350890,14.696227
static,in,1000000,1/1,0.033664,0.040384,0.071872,0.137216,0.266656,0.526592,1.046176,2.072672,4.162528,8.263808
static,rw30,1000000,1/1,0.034695,0.063537,0.120821,0.235665,0.464926,0.924174,1.842134,3.678346,7.350667,14.696033
static,in,1000000,1/1,0.034688,0.039584,0.071680,0.136896,0.266176,0.525152,1.043840,2.066624,4.151264,8.241536
static,rw30,1000000,1/1,0.034679,0.063413,0.120898,0.235553,0.465066,0.924222,1.842129,3.678399,7.352147,14.695848
static,in,1000000,1/1,0.035104,0.039488,0.071840,0.137216,0.266240,0.526592,1.045152,2.072576,4.137312,8.924192
static,rw30,1000000,1/1,0.034766,0.063356,0.120667,0.235616,0.464952,0.924824,1.842449,3.678821,7.376366,15.072982
static,in,1000000,1/1,0.042752,0.049984,0.083520,0.149440,0.278528,0.538336,1.058624,2.092768,4.166304,8.308960
static,rw30,1000000,1/1,0.045853,0.075036,0.133843,0.249026,0.482317,0.946889,1.876076,3.734031,7.448266,17.541124
memMap,grow,1000000,1/1,2.267328,2.270688,1.746944,2.277856,15.814560,8.400832,10.675936,12.966560,24.019072,9.949600
memMap,in,1000000,1/1,2.294016,2.311840,2.334592,1.736928,0.274464,0.543008,1.058816,2.097152,4.189888,8.325120
memMap,rw30,1000000,1/1,2.168636,2.275773,2.290481,1.571046,0.515162,1.023896,2.046981,4.092548,7.421218,14.710706
memMap,grow,1000000,1/1,0.095232,0.315712,0.433472,0.401408,0.555648,0.675200,0.872672,1.225312,1.754976,2.718528
memMap,in,1000000,1/1,0.026208,0.042720,0.075840,0.141312,0.272448,0.533408,1.052160,2.077216,4.143680,8.318272
memMap,rw30,1000000,1/1,0.036094,0.063625,0.121162,0.236253,0.466304,0.926965,1.846865,3.686199,7.360109,14.704234
memMap,grow,1000000,1/1,0.088160,0.288736,0.302368,0.353728,0.606880,1.430208,0.805632,1.130720,4.684736,2.657984
memMap,in,1000000,1/1,0.026528,0.042272,0.075488,0.139552,0.272256,0.532736,1.049024,2.076288,4.137088,8.262624
memMap,rw30,1000000,1/1,0.035937,0.063626,0.121261,0.235798,0.465785,0.924683,1.842974,3.680663,7.352873,14.698700
memMap,grow,1000000,1/1,0.075552,0.219136,0.397312,0.704352,0.461408,0.552192,0.758176,1.100256,1.680160,2.698368
memMap,in,1000000,1/1,0.026272,0.042016,0.075488,0.140864,0.270944,0.532032,1.051328,2.079648,4.143936,8.280064
memMap,rw30,1000000,1/1,0.034293,0.063388,0.120768,0.235569,0.465098,0.924197,1.842513,3.679844,7.352023,14.696965
memMap,grow,1000000,1/1,0.077728,0.225312,0.287424,0.338976,0.581376,3.018464,0.751296,1.132576,1.712096,2.680864
memMap,in,1000000,1/1,0.026368,0.042880,0.076288,0.140000,0.271584,0.532320,1.051904,2.078720,4.143360,8.279264
memMap,rw30,1000000,1/1,0.034688,0.063477,0.120942,0.235740,0.465154,0.924202,1.842386,3.679570,7.351221,14.697865
memMap,grow,1000000,1/1,0.088992,0.302976,0.395264,0.350400,0.426336,3.544800,0.714752,1.095232,1.713856,2.703936
memMap,in,1000000,1/1,0.026016,0.041472,0.075776,0.140768,0.270720,0.530528,1.048256,2.074624,4.136544,8.263136
memMap,rw30,1000000,1/1,0.036147,0.063561,0.120951,0.235793,0.465236,0.924227,1.842249,3.679208,7.351454,14.696904
memMap,grow,1000000,1/1,0.088608,0.294528,1.704288,0.349280,0.450432,0.548736,0.717760,1.085440,1.636224,2.683936
memMap,in,1000000,1/1,0.026304,0.041376,0.075712,0.139840,0.270432,0.530336,1.048736,2.073376,4.135360,8.262656
memMap,rw30,1000000,1/1,0.035979,0.063602,0.120871,0.235611,0.465343,0.924156,1.841926,3.678754,7.350465,14.696207
memMap,grow,1000000,1/1,0.079328,0.260000,0.412800,0.340864,0.428992,1.538048,0.730208,1.072544,1.635776,2.628736
memMap,in,1000000,1/1,0.026560,0.043008,0.076192,0.140992,0.270816,0.531392,1.050688,2.078048,4.148320,8.277920
memMap,rw30,1000000,1/1,0.034779,0.063700,0.121371,0.235855,0.465152,0.924149,1.841952,3.678686,7.350790,14.695877
memMap,grow,1000000,1/1,0.074080,0.226304,0.399776,0.401408,0.692448,0.553216,0.741440,1.073664,1.634176,2.658304
memMap,in,1000000,1/1,0.025344,0.042400,0.075776,0.140960,0.271392,0.531712,1.050528,2.078592,4.144544,8.278368
memMap,rw30,1000000,1/1,0.034468,0.063584,0.120769,0.235807,0.465019,0.924028,1.841985,3.678819,7.351197,14.695461
memMap,grow,1000000,1/1,0.075360,0.211584,0.294720,0.350208,0.581664,0.545376,0.741280,1.029984,1.650688,2.619552
memMap,in,1000000,1/1,0.026304,0.041312,0.075552,0.140192,0.272384,0.530784,1.051104,2.078432,4.143584,8.278784
memMap,rw30,1000000,1/1,0.034569,0.063735,0.120735,0.235573,0.465453,0.923984,1.841991,3.678808,7.351147,14.695612
memMap,grow,1000000,1/1,0.090176,0.295296,0.898144,0.356576,0.440064,0.636416,0.835040,1.089312,1.623968,2.654400
memMap,in,1000000,1/1,0.025408,0.042432,0.076032,0.139968,0.270656,0.530816,1.050624,2.073472,4.136096,8.263360
memMap,rw30,1000000,1/1,0.036653,0.063420,0.121028,0.235658,0.465467,0.924304,1.842751,3.678313,7.350217,14.695449
memMap,grow,1000000,1/1,0.077760,0.219488,0.393792,0.354848,1.040384,0.598016,0.730560,1.053536,1.696928,2.686976
memMap,in,1000000,1/1,0.026432,0.042592,0.075872,0.140128,0.272640,0.531168,1.050624,2.077472,4.145152,8.278496
memMap,rw30,1000000,1/1,0.034617,0.063423,0.120798,0.235715,0.465579,0.924368,1.842743,3.678821,7.349885,14.695411
memMap,grow,1000000,1/1,0.075584,0.216512,0.404992,0.342144,0.462880,0.548960,0.744672,1.044160,1.631872,2.673728
memMap,in,1000000,1/1,0.026432,0.041792,0.075872,0.140928,0.272032,0.531008,1.050816,2.077920,4.143744,8.278016
memMap,rw30,1000000,1/1,0.034506,0.063299,0.120723,0.235609,0.465010,0.923998,1.842344,3.678548,7.350059,14.695770
memMap,grow,1000000,1/1,0.076928,0.226752,0.276096,0.341792,0.556864,0.561152,0.778144,3.964448,1.703200,3.482624
memMap,in,1000000,1/1,0.025888,0.041632,0.075584,0.139808,0.272256,0.532256,1.051776,2.078624,4.144352,8.278400
memMap,rw30,1000000,1/1,0.034636,0.063391,0.120818,0.235818,0.465165,0.924210,1.842271,3.686321,7.350236,14.695894
memMap,grow,1000000,1/1,0.090560,0.287392,0.400672,0.352448,0.444320,0.544768,0.699904,0.999360,1.634304,3.155872
memMap,in,1000000,1/1,0.026304,0.042240,0.075680,0.139264,0.270336,0.529344,1.048576,2.073920,4.135808,8.261632
memMap,rw30,1000000,1/1,0.035901,0.063536,0.121006,0.235727,0.465049,0.923934,1.842050,3.678200,7.349810,14.694968
memMap,grow,1000000,1/1,0.074144,0.219520,0.428192,0.338656,0.428032,0.575936,0.708064,1.494016,1.646976,2.601248
memMap,in,1000000,1/1,0.026464,0.042752,0.083872,0.140576,0.272160,0.530944,1.050784,2.076928,4.169952,8.274016
memMap,rw30,1000000,1/1,0.034892,0.063652,0.121403,0.236064,0.465787,0.924429,1.842147,3.678683,7.351853,14.694796
memMap,grow,1000000,1/1,0.076800,0.218944,0.420640,0.352448,0.430112,0.572704,0.710912,1.064096,1.647168,2.668352
memMap,in,1000000,1/1,0.026368,0.041280,0.076512,0.140480,0.271488,0.530816,1.051872,2.076992,4.168544,8.272544
memMap,rw30,1000000,1/1,0.034929,0.063341,0.120673,0.235598,0.464933,0.924058,1.842013,3.678375,7.350698,15.049801
memMap,grow,1000000,1/1,0.092160,1.617696,2.487584,3.289504,8.505440,9.038432,11.151776,14.450080,18.851839,19.367935
memMap,in,1000000,1/1,0.032000,0.047104,0.083968,0.149120,0.283808,0.540672,1.058112,2.092800,4.163872,8.310368
memMap,rw30,1000000,1/1,0.039034,0.074814,0.133685,0.248949,0.482195,0.946554,1.875627,3.733363,7.448943,18.134792
memMap,grow,1000000,1/1,2.275936,2.279424,2.273760,2.274624,11.096704,8.896416,10.701664,12.849216,20.992832,9.346624
memMap,in,1000000,1/1,2.300224,2.319104,2.348416,2.401504,0.276224,0.544768,1.064736,2.111296,4.206592,8.370432
memMap,rw30,1000000,1/1,2.240663,2.192097,2.274592,0.518119,0.515451,1.023100,2.045165,4.087296,7.441298,14.711748
memMap,grow,1000000,1/1,0.090208,0.323296,0.285824,0.402432,0.675840,0.686144,0.857760,1.161056,1.664512,2.673504
memMap,in,1000000,1/1,0.026560,0.042560,0.075008,0.143104,0.276448,0.538368,1.061216,2.095680,4.177696,8.333312
memMap,rw30,1000000,1/1,0.036419,0.063586,0.121072,0.236125,0.466487,0.926549,1.847627,3.685740,7.357122,14.698155
memMap,grow,1000000,1/1,0.091360,0.318944,0.276480,0.374144,1.917760,0.613696,0.858016,1.118016,1.676288,2.634144
memMap,in,1000000,1/1,0.026336,0.042848,0.076128,0.141600,0.274112,0.534592,1.057952,2.091424,4.169728,8.325120
memMap,rw30,1000000,1/1,0.036015,0.063555,0.121371,0.235620,0.465503,0.924219,1.842842,3.679810,7.352824,14.697124
memMap,grow,1000000,1/1,0.073568,0.227424,0.280320,0.355968,0.554496,0.556864,0.747872,1.127296,1.726688,2.751264
memMap,in,1000000,1/1,0.026560,0.042432,0.075872,0.141728,0.274432,0.535520,1.059328,2.094400,4.177984,8.340544
memMap,rw30,1000000,1/1,0.034730,0.063739,0.120717,0.235705,0.465020,0.923832,1.841662,3.678218,7.348964,14.692704
memMap,grow,1000000,1/1,0.075776,0.226272,0.401952,0.355072,0.444512,0.560256,0.785120,1.112640,1.674528,2.660000
memMap,in,1000000,1/1,0.025536,0.041856,0.076544,0.140960,0.274144,0.534784,1.060576,2.094624,4.178048,8.340448
memMap,rw30,1000000,1/1,0.034548,0.064345,0.120740,0.235938,0.465300,0.923777,1.841719,3.678273,7.350556,14.694752
memMap,grow,1000000,1/1,0.088672,2.282432,0.275520,0.370688,0.597792,0.605536,2.908288,1.110336,1.678560,2.663968
memMap,in,1000000,1/1,0.026464,0.042688,0.075552,0.141472,0.274336,0.534944,1.057280,2.089984,4.169728,8.323040
memMap,rw30,1000000,1/1,0.036037,0.063506,0.120969,0.236525,0.465392,0.924051,1.841545,3.677604,7.349244,14.691060
memMap,grow,1000000,1/1,0.090112,0.302432,0.280256,0.358144,0.577536,0.596320,0.727424,1.089184,1.729440,3.371808
memMap,in,1000000,1/1,0.026592,0.041952,0.075776,0.140640,0.272992,0.534816,1.056896,2.089280,4.169120,8.327168
memMap,rw30,1000000,1/1,0.036058,0.063472,0.121069,0.235738,0.465187,0.923648,1.841550,3.677367,7.349996,14.691751
memMap,grow,1000000,1/1,0.093632,0.291680,0.420064,0.336640,3.511008,0.584160,0.749792,1.093696,1.657504,2.682880
memMap,in,1000000,1/1,0.026624,0.042112,0.076224,0.141408,0.273824,0.534272,1.057856,2.088896,4.169920,8.321216
memMap,rw30,1000000,1/1,0.035999,0.063307,0.120813,0.236421,0.465108,0.923614,1.841370,3.678849,7.349878,14.691806
memMap,grow,1000000,1/1,0.075744,0.209312,0.397376,0.334112,0.423680,0.583072,0.737664,1.116800,1.701248,2.667232
memMap,in,1000000,1/1,0.026432,0.041312,0.076480,0.141472,0.274112,0.534848,1.059360,2.092960,4.177920,8.340000
memMap,rw30,1000000,1/1,0.034964,0.063834,0.120921,0.235877,0.464974,0.923870,1.841305,3.678775,7.348918,14.690817
memMap,grow,1000000,1/1,0.081696,0.316448,1.386496,0.348928,0.427968,0.557856,0.751936,1.071808,1.652736,2.637376
memMap,in,1000000,1/1,0.026400,0.042720,0.076800,0.141312,0.273728,0.534912,1.057856,2.087552,4.168384,8.321760
memMap,rw30,1000000,1/1,0.034852,0.063406,0.121094,0.235734,0.464805,0.923773,1.841488,3.677449,7.348781,14.691134
memMap,grow,1000000,1/1,0.090560,0.331360,0.400320,1.564800,0.429376,0.544704,0.731840,1.062592,1.658624,2.694816
memMap,in,1000000,1/1,0.025344,0.042720,0.076032,0.142528,0.273568,0.534528,1.057920,2.089792,4.169344,8.323456
memMap,rw30,1000000,1/1,0.036160,0.064080,0.121099,0.235631,0.465775,0.923457,1.841352,3.677579,7.348944,14.692190
memMap,grow,1000000,1/1,0.076800,0.214112,0.398848,0.338368,0.446016,0.641536,0.725312,1.106752,1.722848,2.689600
memMap,in,1000000,1/1,0.025600,0.042624,0.093824,0.142112,0.274400,0.536480,1.059104,2.092608,4.176160,8.340736
memMap,rw30,1000000,1/1,0.034525,0.063306,0.121077,0.235488,0.464736,0.923677,1.841177,3.677442,7.348806,14.691621
mlfv512,grow,1000000,1/1,2.224224,13.525472,0.007808,1.230880,2.238656,5.919200,19.255936,1.645120,2.138112,5.832416
mlfv512,in,1000000,1/1,0.035296,0.058784,0.104096,0.192032,0.361632,0.716672,1.394624,2.771744,5.519008,11.077888
mlfv512,rw30,1000000,1/1,0.285184,0.556093,1.105965,2.188995,4.436253,8.876794,17.799463,35.711536,72.185425,146.780121
mlfv512,grow,1000000,1/1,2.416544,13.471968,0.008064,1.223680,2.268384,6.130912,19.300512,1.621280,2.117792,6.213312
mlfv512,in,1000000,1/1,0.035488,0.059008,0.104320,0.191104,0.364576,0.714368,1.376256,2.736128,5.572608,10.914720
mlfv512,rw30,1000000,1/1,0.285210,0.559296,1.106557,2.177446,4.427335,8.944544,17.709888,35.882671,71.948547,149.632782
mlfv512,grow,1000000,1/1,2.040256,13.531040,0.006688,1.206688,2.257856,6.479872,19.068865,1.624896,2.113152,5.966624
mlfv512,in,1000000,1/1,0.049152,0.059136,0.103520,0.191616,0.365632,0.713216,1.372640,2.752960,5.582592,10.979296
mlfv512,rw30,1000000,1/1,0.284464,0.556621,1.107834,2.181056,4.431449,8.883039,17.862757,36.038017,72.813339,148.384644
mlfv512,grow,1000000,1/1,2.169632,13.500160,0.008576,1.233056,2.271232,5.848064,19.263391,1.635616,2.139136,5.872736
mlfv512,in,1000000,1/1,0.035392,0.064960,0.104256,0.194368,0.368736,0.718240,1.376640,2.785984,5.577024,11.019616
mlfv512,rw30,1000000,1/1,0.285578,0.557590,1.108131,2.181408,4.454099,8.906333,17.719681,35.913235,71.971664,144.227570
mlfv512,grow,1000000,1/1,2.209664,13.485760,0.006336,1.214976,2.279904,5.801984,19.249151,1.617632,2.214208,6.099328
mlfv512,in,1000000,1/1,0.035904,0.059168,0.102880,0.192000,0.364288,0.708064,1.369760,2.731136,5.490336,11.116544
mlfv512,rw30,1000000,1/1,0.285178,0.556342,1.106230,2.181699,4.443088,8.830870,17.715763,35.704247,72.778915,145.351532
mlfv512,grow,1000000,1/1,2.040928,13.480160,0.007744,1.224704,2.238464,5.814624,19.549984,1.637088,2.123488,6.178816
mlfv512,in,1000000,1/1,0.036160,0.058880,0.104384,0.192128,0.361920,0.714400,1.372416,2.758176,5.529376,11.020352
mlfv512,rw30,1000000,1/1,0.284973,0.556099,1.105632,2.181562,4.409731,8.984752,17.755619,35.720329,71.870049,143.979919
mlfv512,grow,1000000,1/1,2.209792,13.465312,0.007168,1.143200,2.252736,6.139552,19.167393,1.648512,2.123680,5.578432
mlfv512,in,1000000,1/1,0.036224,0.058272,0.102848,0.191808,0.366400,0.720672,1.385056,2.768768,5.567488,11.071200
mlfv512,rw30,1000000,1/1,0.284842,0.556438,1.106086,2.183875,4.437165,8.983658,17.853657,35.876072,72.334587,144.695282
mlfv512,grow,1000000,1/1,2.150592,13.471712,0.007520,1.216384,2.250016,6.152832,19.832832,1.637216,2.120256,6.156288
mlfv512,in,1000000,1/1,0.036544,0.058016,0.103872,0.192160,0.361984,0.715680,1.396000,2.750528,5.521056,10.933888
mlfv512,rw30,1000000,1/1,0.284794,0.556227,1.105744,2.197930,4.421143,8.943184,17.885777,36.045197,72.167801,147.678711
mlfv512,grow,1000000,1/1,2.195616,13.805568,0.006400,1.213248,2.263520,5.906304,20.691839,1.698720,2.135360,6.135264
mlfv512,in,1000000,1/1,0.035520,0.057792,0.102688,0.192064,0.363840,0.716704,1.506080,2.778048,5.512736,10.929504
mlfv512,rw30,1000000,1/1,0.285117,0.555894,1.105222,2.189658,4.432378,8.927260,18.433022,35.950096,72.495255,144.850418
mlfv512,grow,1000000,1/1,2.048000,13.533696,0.008064,1.230528,2.256480,5.913344,19.334208,1.639072,2.138048,6.221984
mlfv512,in,1000000,1/1,0.035488,0.059488,0.103136,0.192480,0.365984,0.716032,1.376192,2.768960,5.533952,11.017952
mlfv512,rw30,1000000,1/1,0.285174,0.556099,1.105645,2.191837,4.449267,8.918814,17.788963,35.982422,72.230354,145.584381
mlfv512,grow,1000000,1/1,2.233760,13.526176,0.007936,1.142048,2.236576,5.894112,19.270496,1.624288,2.137632,6.100256
mlfv512,in,1000000,1/1,0.036416,0.058240,0.103296,0.192480,0.363968,0.717088,1.398112,2.756704,5.580000,10.995488
mlfv512,rw30,1000000,1/1,0.287120,0.556368,1.105322,2.198451,4.419478,8.874954,17.821951,35.910652,72.297401,144.391266
mlfv512,grow,1000000,1/1,2.341248,13.509056,0.007296,1.150048,2.286880,5.904384,19.297279,1.649600,2.124480,5.872000
mlfv512,in,1000000,1/1,0.035552,0.058208,0.103456,0.192512,0.366912,0.710720,1.376256,2.779136,5.578208,11.100448
mlfv512,rw30,1000000,1/1,0.284995,0.556330,1.106275,2.189798,4.432841,8.878243,17.900152,36.120064,72.680130,145.516968
mlfv512,grow,1000000,1/1,2.207808,13.473632,0.008096,1.150400,2.341504,6.167808,19.294432,1.606560,2.118592,6.062944
mlfv512,in,1000000,1/1,0.035968,0.058208,0.103360,0.192480,0.364160,0.712672,1.370432,2.756608,5.576032,11.110400
mlfv512,rw30,1000000,1/1,0.286432,0.556605,1.105322,2.181261,4.430730,8.879117,17.830442,35.914261,72.110611,145.481293
mlfv512,grow,1000000,1/1,2.209728,13.467488,0.007488,1.159072,2.263040,5.922560,19.368160,1.615872,2.212768,6.331936
mlfv512,in,1000000,1/1,0.036064,0.058880,0.103552,0.191520,0.364992,0.715520,1.398624,2.747616,5.510752,10.923808
mlfv512,rw30,1000000,1/1,0.285274,0.556560,1.105958,2.181667,4.426105,8.870064,17.772346,35.920044,72.430023,146.488586
mlfv512,grow,1000000,1/1,2.414976,13.505600,0.008640,1.151424,2.263424,5.946656,19.209057,1.630208,2.141984,5.888640
mlfv512,in,1000000,1/1,0.048288,0.063808,0.105824,0.194560,0.369504,0.724608,1.390272,2.784000,5.585856,11.081728
mlfv512,rw30,1000000,1/1,0.285520,0.557261,1.107866,2.190317,4.464339,8.968710,17.891649,35.980083,72.204437,145.552017
mlfv512,grow,1000000,1/1,2.215776,13.483520,0.006848,1.219008,2.269152,5.977536,19.232191,1.635296,2.119360,6.246336
mlfv512,in,1000000,1/1,0.035264,0.059168,0.102976,0.191200,0.365600,0.721856,1.386496,2.774976,5.577056,10.935424
mlfv512,rw30,1000000,1/1,0.285232,0.556528,1.104582,2.181232,4.443078,8.883088,17.866983,35.967674,73.605667,146.246368
mlfv512,grow,1000000,1/1,2.164736,13.477888,0.007008,1.208032,2.342208,6.149824,19.316736,1.617664,2.100608,6.106912
mlfv512,in,1000000,1/1,0.035744,0.058016,0.103232,0.191232,0.362720,0.719872,1.406336,2.772992,5.496960,11.012480
mlfv512,rw30,1000000,1/1,0.286240,0.557008,1.106522,2.194707,4.475930,8.919603,17.892239,35.986950,72.355942,147.717056
mlfv512,grow,1000000,1/1,2.216256,13.494816,0.007840,1.147712,2.252352,5.919648,19.046144,1.647264,2.128064,5.709696
mlfv512,in,1000000,1/1,0.037344,0.058944,0.103232,0.192160,0.366240,0.713312,1.376032,2.769568,5.581600,11.118592
mlfv512,rw30,1000000,1/1,0.285165,0.556560,1.105542,2.183085,4.476551,8.841322,17.753107,35.906113,71.961151,147.702728
mlfv512,grow,1000000,1/1,2.168832,13.484608,0.006848,1.222592,2.274080,5.939296,19.177471,1.625568,2.152352,5.770144
mlfv512,in,1000000,1/1,0.036512,0.059008,0.103264,0.192896,0.366592,0.720224,1.384192,2.783040,5.580640,11.106784
mlfv512,rw30,1000000,1/1,0.285376,0.556515,1.106118,2.193744,4.437530,8.945584,17.891010,35.966640,73.453529,146.167969
mlfv512,grow,1000000,1/1,2.057632,13.518496,0.007040,1.215040,2.277376,5.941120,19.173471,1.641344,2.124096,5.545088
mlfv512,in,1000000,1/1,0.036352,0.058240,0.103008,0.194336,0.364256,0.719232,1.386304,2.779296,5.578656,10.971232
mlfv512,rw30,1000000,1/1,0.285126,0.556339,1.106234,2.194595,4.459923,9.003337,17.910563,36.154297,72.225182,145.112228
mlfv512,grow,1000000,1/1,2.350496,13.537920,0.006464,1.223008,2.258944,6.260512,19.344065,1.648192,2.129152,5.967488
mlfv512,in,1000000,1/1,0.035968,0.059104,0.103648,0.191328,0.366976,0.716512,1.373024,2.803712,5.572960,11.053056
mlfv512,rw30,1000000,1/1,0.285098,0.556669,1.105645,2.193165,4.473139,8.997722,17.824461,36.072075,73.380074,145.930450
mlfv512,grow,1000000,1/1,2.208448,13.457440,0.007872,1.206336,2.254848,5.879456,19.326113,1.646720,2.193184,5.842208
mlfv512,in,1000000,1/1,0.036928,0.060768,0.106496,0.196800,0.377312,0.741824,1.428864,2.920384,5.817792,11.450624
mlfv512,rw30,1000000,1/1,0.284541,0.557453,1.105523,2.183459,4.448122,8.962721,17.829218,35.996033,74.051178,149.334259
mlfv512,grow,1000000,1/1,2.393088,13.505920,0.008192,1.216896,2.427008,5.965664,19.394304,1.633856,2.137824,6.270880
mlfv512,in,1000000,1/1,0.036544,0.063232,0.103392,0.192800,0.368320,0.718848,1.402848,2.779040,5.576480,11.008352
mlfv512,rw30,1000000,1/1,0.285926,0.557062,1.106899,2.186880,4.491165,8.914698,17.920887,36.090118,73.159279,145.348389
mlfv512,grow,1000000,1/1,2.216064,13.576192,0.007584,1.139840,2.281632,6.208608,19.253120,1.654432,2.148960,6.204096
mlfv512,in,1000000,1/1,0.035520,0.058848,0.103616,0.191616,0.367488,0.719232,1.399104,2.808000,5.626848,11.120704
mlfv512,rw30,1000000,1/1,0.285670,0.557232,1.106928,2.186038,4.490784,8.962506,18.028576,36.430809,72.671005,148.765030
mlfv512,grow,1000000,1/1,1.990656,14.526720,0.007680,1.136736,2.265824,6.289184,20.042463,1.672352,2.164576,6.519904
mlfv512,in,1000000,1/1,0.036288,0.059392,0.104448,0.192320,0.366976,0.718080,1.387840,2.803808,5.630016,11.081088
mlfv512,rw30,1000000,1/1,0.285107,0.557040,1.107110,2.185754,4.467914,8.983066,17.942656,36.230080,72.631470,146.465591
mlfv512,grow,1000000,1/1,2.133664,13.517536,0.006336,1.133216,2.232256,5.890944,19.347200,1.629856,2.142176,6.263392
mlfv512,in,1000000,1/1,0.036096,0.058176,0.102944,0.190816,0.361856,0.712064,1.410848,2.757760,5.575360,11.214240
mlfv512,rw30,1000000,1/1,0.285046,0.557328,1.106467,2.203693,4.477625,8.911169,17.829899,36.056580,72.821152,145.306519
mlfv512,grow,1000000,1/1,2.217984,13.504384,0.008064,1.136640,2.236448,6.218048,19.531776,1.636096,2.167264,6.144928
mlfv512,in,1000000,1/1,0.036160,0.058304,0.104288,0.191072,0.362816,0.713504,1.419264,2.769536,5.627104,10.983648
mlfv512,rw30,1000000,1/1,0.285235,0.556922,1.107283,2.205523,4.538320,8.911056,18.010258,36.286266,73.649162,148.477325
mlfv512,grow,1000000,1/1,2.394400,13.496160,0.007584,1.142944,2.375968,5.881344,19.386017,1.630208,2.166432,7.120896
mlfv512,in,1000000,1/1,0.036256,0.058304,0.103616,0.192192,0.368032,0.731008,1.391968,2.800320,5.608448,11.321344
mlfv512,rw30,1000000,1/1,0.285226,0.556707,1.107882,2.174205,4.484477,8.925248,17.993189,36.395954,73.586754,146.018967
mlfv512,grow,1000000,1/1,2.221888,13.506464,0.008640,1.148928,2.279104,5.990752,19.427008,1.664800,2.139776,5.931136
mlfv512,in,1000000,1/1,0.036864,0.062464,0.105216,0.192864,0.370624,0.723904,1.403552,2.801344,5.627808,10.960512
mlfv512,rw30,1000000,1/1,0.285846,0.559894,1.108512,2.210429,4.496291,8.993130,18.012281,36.310097,72.862648,146.101120
mlfv512,grow,1000000,1/1,2.167104,13.521088,0.006656,1.212480,2.281600,5.963776,19.356447,1.668384,2.160928,6.098720
mlfv512,in,1000000,1/1,0.035456,0.058368,0.103008,0.192416,0.370176,0.719296,1.398432,2.797952,5.634912,11.212736
mlfv512,rw30,1000000,1/1,0.284704,0.556582,1.106282,2.196704,4.485434,8.988624,17.945499,36.163204,72.505173,145.282318
mlfv32,grow,1000000,1/1,0.108128,0.542656,1.126944,0.157792,0.186304,0.299232,0.969600,0.206848,0.220704,0.357536
mlfv32,in,1000000,1/1,0.051200,0.095104,0.180224,0.362208,0.694528,1.382528,2.740352,5.507872,11.014144,22.183296
mlfv32,rw30,1000000,1/1,0.374282,0.728797,1.444291,2.877123,5.745581,11.465258,22.920282,45.845146,91.727837,183.525833
mlfv32,grow,1000000,1/1,0.111904,0.559200,1.134528,0.159584,0.186240,0.298848,0.968480,0.203008,0.222336,0.354560
mlfv32,in,1000000,1/1,0.051040,0.096064,0.186144,0.349120,0.693600,1.376256,2.733056,5.457280,11.062464,22.104223
mlfv32,rw30,1000000,1/1,0.373229,0.730157,1.443827,2.877805,5.742493,11.464418,22.784845,45.818192,91.733917,183.560333
mlfv32,grow,1000000,1/1,0.101024,0.556032,1.133344,0.180256,0.186400,0.300896,0.968704,0.203456,0.220576,0.366496
mlfv32,in,1000000,1/1,0.053248,0.098912,0.180192,0.352864,0.693408,1.377632,2.731872,5.457920,10.907008,22.100639
mlfv32,rw30,1000000,1/1,0.371504,0.728410,1.443421,2.875840,5.744649,11.457314,22.783455,45.771378,91.609444,183.375504
mlfv32,grow,1000000,1/1,0.098912,0.571680,1.128640,0.159552,0.189504,0.311136,0.984800,0.208192,0.226752,0.358400
mlfv32,in,1000000,1/1,0.093056,0.105888,0.180256,0.353152,0.695520,1.384448,2.749056,5.477824,11.107360,21.928896
mlfv32,rw30,1000000,1/1,0.375440,0.868640,1.442992,2.901293,5.750637,11.479433,22.792221,45.858044,91.720352,183.416534
mlfv32,grow,1000000,1/1,0.108480,0.542080,1.130368,0.159200,0.194816,0.300384,0.971872,0.207168,0.226304,0.360768
mlfv32,in,1000000,1/1,0.053280,0.094016,0.182080,0.352256,0.692224,1.380224,2.727904,5.527904,11.053056,21.834496
mlfv32,rw30,1000000,1/1,0.373805,0.728403,1.443565,2.876077,5.743238,11.467671,22.815926,45.864098,91.734200,183.319321
mlfv32,grow,1000000,1/1,0.100608,0.549376,1.128224,0.159360,0.186368,0.299552,0.971072,0.204576,0.221184,0.359904
mlfv32,in,1000000,1/1,0.051392,0.094208,0.183776,0.350624,0.694688,1.383360,2.747328,5.483328,10.963904,22.065151
mlfv32,rw30,1000000,1/1,0.370858,0.727974,1.442733,2.875885,5.745843,11.462017,22.793613,45.775810,91.737076,183.433563
mlfv32,grow,1000000,1/1,0.108960,0.569344,1.133184,0.172928,0.186912,0.299264,0.970720,0.203744,0.221824,0.358816
mlfv32,in,1000000,1/1,0.052096,0.096512,0.181088,0.350368,0.694272,1.380800,2.743776,5.509376,11.016096,22.032543
mlfv32,rw30,1000000,1/1,0.374960,0.732378,1.444883,2.877264,5.746592,11.469713,22.960217,45.829235,91.794907,183.504913
mlfv32,grow,1000000,1/1,0.100384,0.552736,1.126496,0.160352,0.188416,0.300544,0.969344,0.203488,0.220256,0.362784
mlfv32,in,1000000,1/1,0.050304,0.095552,0.180416,0.351904,0.694688,1.379392,2.732288,5.459840,11.054208,22.107264
mlfv32,rw30,1000000,1/1,0.371178,0.727997,1.444134,2.877248,5.745641,11.461630,22.775307,45.793598,91.775063,183.587006
mlfv32,grow,1000000,1/1,0.101120,0.555008,1.129472,0.160032,0.187552,0.301440,0.972288,0.204608,0.235840,0.359744
mlfv32,in,1000000,1/1,0.051264,0.095648,0.180224,0.352128,0.695488,1.382624,2.742176,5.512512,11.100288,22.063328
mlfv32,rw30,1000000,1/1,0.372458,0.728832,1.444554,2.877936,5.746957,11.472093,22.940048,46.576950,91.935738,183.778229
mlfv32,grow,1000000,1/1,0.102016,0.552928,1.127840,0.159456,0.192288,0.305568,0.975360,0.207456,0.227712,0.359808
mlfv32,in,1000000,1/1,0.051424,0.096320,0.181376,0.352160,0.695168,1.381344,2.737632,5.465024,11.074432,21.868288
mlfv32,rw30,1000000,1/1,0.371168,0.728781,1.442998,2.879939,5.751869,11.476055,22.793690,45.816628,91.795853,183.675690
mlfv32,grow,1000000,1/1,0.100864,0.553440,1.132352,0.159680,0.186688,0.300416,0.971840,0.206880,0.222880,0.360256
mlfv32,in,1000000,1/1,0.051168,0.094944,0.180288,0.352256,0.695936,1.384960,2.742464,5.517440,11.030528,22.058048
mlfv32,rw30,1000000,1/1,0.370941,0.728186,1.443414,2.878010,5.746263,11.460284,22.911322,45.838020,91.820839,183.663849
mlfv32,grow,1000000,1/1,0.110464,0.542624,1.129792,0.158784,0.186752,0.301056,0.974816,0.204352,0.221376,0.367488
mlfv32,in,1000000,1/1,0.051520,0.094432,0.180032,0.349952,0.694912,1.381056,2.744128,5.505824,11.089664,22.173409
mlfv32,rw30,1000000,1/1,0.372013,0.729149,1.445235,2.877815,5.743626,11.462054,22.927471,45.838341,91.861839,183.622589
mlfv32,grow,1000000,1/1,0.101024,0.553824,1.130496,0.158976,0.186368,0.300864,0.970240,0.202912,0.223264,0.364352
mlfv32,in,1000000,1/1,0.051072,0.096160,0.180224,0.353920,0.696704,1.384832,2.746368,5.484064,11.117376,22.230623
mlfv32,rw30,1000000,1/1,0.370339,0.729654,1.442928,2.876176,5.745715,11.465606,22.783287,45.809288,91.797836,183.603363
mlfv32,grow,1000000,1/1,0.099328,0.551616,1.130240,0.157984,0.186112,0.297856,0.966144,0.206272,0.219072,0.361792
mlfv32,in,1000000,1/1,0.050784,0.093504,0.180256,0.348256,0.691360,1.373728,2.731808,5.521696,10.956640,22.019392
mlfv32,rw30,1000000,1/1,0.370851,0.728365,1.443571,2.875974,5.743268,11.466883,22.823154,45.933830,91.824051,183.704071
mlfv32,grow,1000000,1/1,0.110816,0.552480,1.128032,0.157792,0.186752,0.300320,0.970752,0.337920,0.225536,0.360448
mlfv32,in,1000000,1/1,0.053120,0.094496,0.179648,0.350624,0.694336,1.380352,2.739104,6.070528,10.967136,22.212896
mlfv32,rw30,1000000,1/1,0.373133,0.729334,1.443843,2.878253,5.744503,11.468134,23.097174,46.444069,91.931770,183.831146
mlfv32,grow,1000000,1/1,0.106848,0.566752,1.125056,0.159008,0.186912,0.300416,0.973760,0.206688,0.225120,0.360224
mlfv32,in,1000000,1/1,0.051840,0.096256,0.179968,0.350208,0.694272,1.377632,2.742304,5.499104,11.083264,22.093985
mlfv32,rw30,1000000,1/1,0.373309,0.730182,1.443696,2.876691,5.746163,11.484717,22.917267,45.887753,91.921585,183.843002
mlfv32,grow,1000000,1/1,0.101888,0.551424,1.128832,0.158624,0.186400,0.300480,0.969952,0.205760,0.222400,0.363584
mlfv32,in,1000000,1/1,0.051200,0.095552,0.179904,0.352032,0.696416,1.385376,2.748640,5.521504,11.122560,22.251520
mlfv32,rw30,1000000,1/1,0.371706,0.729514,1.444179,2.878339,5.746791,11.469260,22.932901,45.920441,91.853516,183.744263
mlfv32,grow,1000000,1/1,0.099200,0.553184,1.128352,0.159680,0.184544,0.298912,0.968896,0.206208,0.221408,0.358208
mlfv32,in,1000000,1/1,0.051200,0.093792,0.180288,0.350208,0.692384,1.377632,2.733440,5.494784,10.936576,21.860416
mlfv32,rw30,1000000,1/1,0.370963,0.728486,1.442870,2.876595,5.743872,11.464496,22.918667,45.856537,91.870178,183.811615
mlfv32,grow,1000000,1/1,0.100736,0.551712,1.126176,0.159040,0.186368,0.299168,0.968704,0.206304,0.220800,0.360320
mlfv32,in,1000000,1/1,0.051200,0.096032,0.181344,0.351232,0.693920,1.379712,2.739808,5.505024,10.998784,22.002081
mlfv32,rw30,1000000,1/1,0.372099,0.728208,1.442963,2.877142,5.741351,11.464659,22.919508,45.836433,91.823761,183.632202
mlfv32,grow,1000000,1/1,0.100320,0.553344,1.130944,0.158336,0.186336,0.299040,0.968704,0.205664,0.219296,0.363296
mlfv32,in,1000000,1/1,0.051104,0.095424,0.180320,0.356256,0.695968,1.380640,2.740192,5.551488,11.025856,22.053345
mlfv32,rw30,1000000,1/1,0.371142,0.728368,1.443434,2.876614,5.742618,11.463194,22.807163,45.929096,92.692383,183.833008
mlfv32,grow,1000000,1/1,0.105792,0.567616,1.131488,0.159744,0.186752,0.301056,0.984896,0.206848,0.221344,0.360448
mlfv32,in,1000000,1/1,0.051296,0.096224,0.180352,0.351232,0.696064,1.383040,2.770560,5.511552,11.049792,22.100927
mlfv32,rw30,1000000,1/1,0.374774,0.732736,1.444915,2.877949,5.745754,11.543589,23.011406,45.991890,92.054947,184.091080
mlfv32,grow,1000000,1/1,0.101952,0.555008,1.130976,0.159392,0.186528,0.300896,0.970432,0.205408,0.223776,0.360608
mlfv32,in,1000000,1/1,0.051200,0.094784,0.180544,0.352064,0.694688,1.376704,2.739424,5.492128,11.053952,22.123775
mlfv32,rw30,1000000,1/1,0.371581,0.729206,1.444342,2.877741,5.747261,11.468700,22.976934,45.938690,91.993286,183.946136
mlfv32,grow,1000000,1/1,0.100704,0.552736,1.128448,0.159072,0.185312,0.300032,0.968448,0.204640,0.225376,0.360896
mlfv32,in,1000000,1/1,0.051200,0.095136,0.179264,0.351968,0.696096,1.388544,2.749792,5.521088,11.121824,22.222336
mlfv32,rw30,1000000,1/1,0.371411,0.729043,1.445050,2.876608,5.744031,11.467040,22.929403,45.959938,91.976456,183.996811
mlfv32,grow,1000000,1/1,0.109600,0.569344,1.126848,0.159520,0.186112,0.299392,0.982560,0.203136,0.222016,0.358464
mlfv32,in,1000000,1/1,0.051584,0.094688,0.179616,0.349856,0.694016,1.380672,2.776832,5.511328,11.086368,22.104223
mlfv32,rw30,1000000,1/1,0.375750,0.733059,1.444614,2.878048,5.746423,11.525094,22.923061,46.012657,91.994583,183.967133
mlfv32,grow,1000000,1/1,0.100576,0.550816,1.126752,0.158336,0.186880,0.302976,0.973664,0.203584,0.224672,0.361600
mlfv32,in,1000000,1/1,0.051200,0.094496,0.179584,0.365152,0.691136,1.375968,2.727968,5.482464,10.914080,22.037792
mlfv32,rw30,1000000,1/1,0.371059,0.728614,1.443389,2.876627,5.765849,11.459600,22.919569,45.858837,91.867043,184.586975
mlfv32,grow,1000000,1/1,0.099008,0.552864,1.130912,0.158112,0.186112,0.300032,0.971296,0.203968,0.226016,0.362816
mlfv32,in,1000000,1/1,0.050976,0.094432,0.180160,0.352544,0.694048,1.382048,2.742464,5.509056,11.101760,22.200159
mlfv32,rw30,1000000,1/1,0.371181,0.728893,1.444397,2.877027,5.747469,11.467278,22.935646,45.941402,91.948174,183.976532
mlfv32,grow,1000000,1/1,0.100128,0.554176,1.130432,0.159648,0.186592,0.300992,0.968704,0.205248,0.220160,0.356256
mlfv32,in,1000000,1/1,0.052864,0.095648,0.180448,0.350752,0.692864,1.375424,2.728832,5.478400,10.895200,21.787071
mlfv32,rw30,1000000,1/1,0.371520,0.728269,1.442826,2.878701,5.745411,11.467738,22.920668,45.890160,91.847336,183.740051
mlfv32,grow,1000000,1/1,0.111488,0.569312,1.132640,0.159136,0.186272,0.300416,0.981568,0.202976,0.220384,0.360064
mlfv32,in,1000000,1/1,0.051456,0.095104,0.180352,0.351424,0.694272,1.384384,2.780064,5.475552,11.101248,22.183008
mlfv32,rw30,1000000,1/1,0.374941,0.732275,1.444727,2.878602,5.745088,11.537287,22.936144,46.022884,92.041191,184.104919
mlfv32,grow,1000000,1/1,0.111936,0.569536,1.132544,0.160416,0.188224,0.299808,0.972096,0.204928,0.223808,0.361344
mlfv32,in,1000000,1/1,0.051584,0.095968,0.182944,0.350144,0.694112,1.380096,2.737440,5.502976,11.083584,22.132736
mlfv32,rw30,1000000,1/1,0.373238,0.730726,1.444339,2.879424,5.745172,11.460932,22.952353,45.909859,91.946091,183.966278
mlfv32,grow,1000000,1/1,0.100544,0.553280,1.130560,0.159072,0.186400,0.300032,0.972384,0.204480,0.221088,0.363712
mlfv32,in,1000000,1/1,0.051200,0.094368,0.180480,0.352256,0.696224,1.383808,2.744256,5.513216,10.963008,22.203552
mlfv32,rw30,1000000,1/1,0.371021,0.728403,1.443046,2.878022,5.745030,11.470426,22.940907,45.891815,91.911179,183.778229
